Date,Price,High,Low,Close,Adj Close,Volume
2019-02-22,19.27,19.5,19.26,19.33,18.197872,338200
2019-02-25,19.15,19.190001,19.02,19.17,18.047247,188500
2019-02-26,19.4,19.450001,19.23,19.43,18.292017,135800
2019-02-27,19.120001,19.120001,18.709999,18.790001,17.689505,413700
2019-02-28,18.82,18.860001,18.440001,18.57,17.482388,545800
2019-03-01,18.360001,18.450001,18.049999,18.049999,16.992846,784300
2019-03-04,18.35,18.559999,18.24,18.49,17.407072,339000
2019-03-05,18.34,18.610001,18.34,18.6,17.51063,299800
2019-03-06,18.620001,18.91,18.610001,18.790001,17.689505,298600
2019-03-07,18.98,19.25,18.950001,19.17,18.047247,380800
2019-03-08,19.190001,19.459999,19.059999,19.389999,18.254356,344000
2019-03-11,19.33,19.33,19.120001,19.219999,18.094313,283200
2019-03-12,19.24,19.700001,19.24,19.6,18.452065,247500
2019-03-13,19.43,19.559999,19.4,19.51,18.367332,584900
2019-03-14,19.440001,19.469999,19.08,19.09,17.971935,208200
2019-03-15,19.459999,19.549999,19.280001,19.43,18.292017,388200
2019-03-18,19.370001,19.5,19.33,19.41,18.273191,234800
2019-03-19,19.08,19.309999,18.969999,19.24,18.176828,290000
2019-03-20,19.360001,19.9,19.360001,19.82,18.724777,426200
2019-03-21,19.969999,20.01,19.860001,19.950001,18.847591,575400
2019-03-22,20.530001,21.059999,20.49,20.860001,19.70731,719700
2019-03-25,20.860001,21.4,20.68,20.98,19.820671,608900
2019-03-26,20.780001,21.07,20.74,20.91,19.754545,604900
2019-03-27,21.129999,21.59,21.1,21.450001,20.264708,1076300
2019-03-28,21.559999,21.780001,21.42,21.690001,20.491444,691900
2019-03-29,21.24,21.65,21.219999,21.65,20.453655,483300
2019-04-01,21.190001,21.209999,20.610001,20.690001,19.546701,1126300
2019-04-02,20.74,20.879999,20.639999,20.799999,19.650625,635900
2019-04-03,20.299999,20.450001,20.209999,20.27,19.149906,555600
2019-04-04,20.299999,20.450001,20.23,20.440001,19.310516,430100
2019-04-05,20.32,20.58,20.290001,20.5,19.367199,286100
2019-04-08,20.42,20.469999,20.26,20.299999,19.178253,250300
2019-04-09,20.58,20.65,20.389999,20.469999,19.338856,495100
2019-04-10,20.639999,20.74,20.540001,20.610001,19.471121,569300
2019-04-11,20.450001,20.48,20.18,20.26,19.140459,428400
2019-04-12,19.91,20,19.799999,19.809999,18.715328,554600
2019-04-15,19.85,19.959999,19.85,19.950001,18.847591,312200
2019-04-16,19.75,19.799999,19.559999,19.620001,18.535828,593600
2019-04-17,19.540001,19.76,19.540001,19.610001,18.526377,329400
2019-04-18,19.860001,19.99,19.860001,19.940001,18.838144,332200
2019-04-22,19.709999,19.74,19.58,19.629999,18.545273,267200
2019-04-23,19.74,19.790001,19.66,19.75,18.65864,198000
2019-04-24,20,20.24,19.99,20.24,19.121569,514700
2019-04-25,20.200001,20.23,19.99,20.139999,19.027092,323200
2019-04-26,20.4,20.43,20.26,20.309999,19.187696,305500
2019-04-29,20.040001,20.09,19.85,19.940001,18.838144,269600
2019-04-30,19.889999,20.27,19.889999,20.23,19.112118,361900
2019-05-01,20.35,20.74,20.309999,20.450001,19.319963,1142600
2019-05-02,20.35,20.42,20.040001,20.17,19.055431,368200
2019-05-03,20.32,20.450001,20.200001,20.33,19.206594,202700
2019-05-06,20.66,20.68,20.469999,20.5,19.367199,235300
2019-05-07,20.77,21.059999,20.690001,20.99,19.83012,474100
2019-05-08,21.110001,21.15,20.65,20.690001,19.546701,659700
2019-05-09,21.07,21.139999,20.65,20.940001,19.782885,369600
2019-05-10,20.950001,21.200001,20.780001,20.870001,19.716753,227100
2019-05-13,21.190001,21.43,21.110001,21.35,20.170231,435600
2019-05-14,21.24,21.299999,21.08,21.16,19.99073,293800
2019-05-15,21.58,21.610001,21.360001,21.530001,20.340282,347800
2019-05-16,21.379999,21.379999,21.23,21.33,20.151335,315500
2019-05-17,21.59,21.610001,21.309999,21.469999,20.2836,318500
2019-05-20,21.52,21.65,21.280001,21.32,20.141886,365500
2019-05-21,21.24,21.299999,21.110001,21.219999,20.047415,335700
2019-05-22,21.309999,21.6,21.299999,21.549999,20.35918,358900
2019-05-23,21.91,22.51,21.889999,22.290001,21.058287,627600
2019-05-24,22.24,22.35,22.139999,22.34,21.105524,334200
2019-05-28,22.58,22.92,22.5,22.85,21.587341,476500
2019-05-29,23.33,23.459999,22.98,23.02,21.74795,985600
2019-05-30,23.129999,23.610001,22.91,23.610001,22.305347,702300
2019-05-31,23.959999,24.530001,23.92,24.5,23.146166,1574900
2019-06-03,24.68,25.040001,24.48,24.93,23.552402,1045800
2019-06-04,24.360001,24.57,23.9,24.1,22.768269,1017900
2019-06-05,23.889999,24.120001,23.67,23.68,22.371477,708300
2019-06-06,24.129999,24.459999,23.77,23.93,22.607662,607300
2019-06-07,24.549999,24.709999,24.379999,24.540001,23.183952,597200
2019-06-10,23.950001,23.950001,23.74,23.860001,22.541534,512900
2019-06-11,23.77,23.98,23.74,23.889999,22.569876,374900
2019-06-12,23.76,23.969999,23.719999,23.950001,22.626556,378600
2019-06-13,23.98,24.24,23.98,24.190001,22.853294,389100
2019-06-14,24.15,24.48,24.139999,24.32,22.976112,324600
2019-06-17,24.309999,24.51,24.16,24.459999,23.108377,336500
2019-06-18,25.030001,25.120001,24.610001,24.83,23.457932,578000
2019-06-19,24.57,25.040001,24.4,24.93,23.552402,509000
2019-06-20,25.129999,25.469999,24.959999,25.120001,23.731907,395900
2019-06-21,24.92,24.92,24.26,24.27,22.928877,458000
2019-06-24,24.68,24.889999,24.65,24.83,23.457932,295400
2019-06-25,24.959999,25.15,24.950001,25.030001,23.710859,658900
2019-06-26,24.93,24.93,24.469999,24.48,23.189842,420100
2019-06-27,24.690001,25.120001,24.52,24.950001,23.635077,481400
2019-06-28,24.84,25.110001,24.76,24.9,23.587709,544300
2019-07-01,24.93,25.059999,24.41,24.76,23.455086,614700
2019-07-02,24.969999,25.42,24.9,25.33,23.995049,476300
2019-07-03,25.48,25.93,25.48,25.85,24.487644,233300
2019-07-05,24.870001,24.9,24.41,24.82,23.511925,760200
2019-07-08,25.18,25.280001,24.940001,24.940001,23.625603,372800
2019-07-09,24.99,24.99,24.68,24.889999,23.578238,424500
2019-07-10,24.76,24.83,24.299999,24.469999,23.180372,729400
2019-07-11,24.18,24.24,23.309999,23.49,22.25202,1321200
2019-07-12,23.379999,23.690001,23.280001,23.549999,22.308861,437300
2019-07-15,23.709999,24.02,23.700001,23.969999,22.706724,327700
2019-07-16,23.549999,23.77,23.43,23.77,22.517265,366600
2019-07-17,24.040001,24.530001,24.02,24.530001,23.237209,555200
2019-07-18,24.26,24.700001,24.1,24.51,23.218266,428200
2019-07-19,24.27,24.48,24.25,24.33,23.047749,259500
2019-07-22,24.76,24.76,24.4,24.469999,23.180372,229700
2019-07-23,24.26,24.360001,23.93,24.040001,22.773033,505600
2019-07-24,24.26,24.43,24.209999,24.360001,23.076174,391800
2019-07-25,24.08,24.16,23.68,24.049999,22.782505,695300
2019-07-26,24.32,24.35,24.08,24.209999,22.934074,443700
2019-07-29,24.42,24.440001,24.15,24.219999,22.943548,413600
2019-07-30,24.450001,24.530001,24.17,24.379999,23.095116,431600
2019-07-31,24.309999,25.200001,24.290001,24.98,23.663494,1308000
2019-08-01,25.379999,26.52,25.34,26.43,25.037079,1513900
2019-08-02,26.65,27.129999,26.52,27.110001,25.681238,1246600
2019-08-05,28.15,28.58,27.84,28.57,27.064293,1767600
2019-08-06,28.15,29.24,28.09,29.190001,27.651619,1004200
2019-08-07,30.75,31.17,29.110001,29.27,27.7274,3810100
2019-08-08,28.700001,29.51,27.98,29.43,27.878971,1903300
2019-08-09,29.65,30.219999,29.18,29.290001,27.746347,1236400
2019-08-12,30.299999,31.370001,30.18,31.08,29.442013,1217000
2019-08-13,31.620001,31.690001,30.440001,30.780001,29.157824,2213100
2019-08-14,32.490002,32.869999,32.220001,32.82,31.090307,1768400
2019-08-15,33.029999,34.790001,32.77,33.900002,32.113392,2673100
2019-08-16,33.07,33.290001,32.209999,33.080002,31.336603,1753100
2019-08-19,31.389999,32.09,31.33,31.700001,30.029337,1860900
2019-08-20,32.5,32.700001,32.200001,32.619999,30.900843,1153900
2019-08-21,32.099998,32.810001,31.809999,31.99,30.304054,953300
2019-08-22,31.610001,32.080002,31.27,31.370001,29.716726,1421100
2019-08-23,31.25,33.09,31.25,32.880001,31.147148,2402500
2019-08-26,32.810001,33.110001,32.43,32.48,30.768227,2162100
2019-08-27,33.299999,34.060001,33.240002,33.990002,32.198647,1806600
2019-08-28,34.77,34.860001,34.02,34.119999,32.321796,1987500
2019-08-29,33.709999,33.790001,32.939999,33.73,31.952351,1767100
2019-08-30,33.25,33.869999,33.09,33.75,31.971294,2512900
2019-09-03,33.779999,34.830002,33.400002,33.82,32.037601,2539400
2019-09-04,33.369999,34.119999,33.34,33.970001,32.179703,1444000
2019-09-05,32.740002,32.860001,31.540001,32.18,30.484039,3114200
2019-09-06,32.439999,32.98,32.349998,32.84,31.109251,1467600
2019-09-09,31.5,31.6,31.049999,31.07,29.432537,1579800
2019-09-10,30.83,31.120001,29.4,29.450001,27.897917,2176800
2019-09-11,29.24,29.709999,29.24,29.280001,27.736874,1670500
2019-09-12,29.93,30.1,28.4,28.690001,27.177969,2185200
2019-09-13,27.889999,28.16,26.84,26.84,25.425468,2460400
2019-09-16,27.629999,28.030001,27.25,27.84,26.372765,1719900
2019-09-17,27.9,28.639999,27.700001,28.309999,26.817993,1846700
2019-09-18,28.860001,29.280001,28.620001,28.67,27.159023,2442400
2019-09-19,29.35,29.469999,28.889999,28.92,27.395849,2723200
2019-09-20,29.33,30.1,29.15,30.01,28.4284,1721400
2019-09-23,30.299999,30.85,29.92,30.01,28.4284,2221700
2019-09-24,30.309999,31.219999,30.309999,31.059999,29.481022,2141600
2019-09-25,30.870001,31.030001,29.469999,29.639999,28.133211,3443300
2019-09-26,30.18,30.629999,29.940001,30.209999,28.674232,2091200
2019-09-27,30.209999,30.6,30.08,30.469999,28.921013,1665800
2019-09-30,29.889999,30.67,29.889999,30.629999,29.072882,1745500
2019-10-01,29.66,31.370001,29.58,30.969999,29.395597,1820500
2019-10-02,31.08,31.58,30.93,31.18,29.594923,2166500
2019-10-03,31.41,32.5,31.389999,32.009998,30.382727,2031500
2019-10-04,32.290001,32.73,32.189999,32.709999,31.047146,1661600
2019-10-07,32.16,32.400002,31.860001,31.889999,30.268829,1600400
2019-10-08,32.610001,32.639999,31.780001,32.130001,30.49663,1873700
2019-10-09,31.780001,31.780001,31.209999,31.57,29.965097,2201500
2019-10-10,30.780001,30.790001,29.85,30.15,28.617283,3178700
2019-10-11,29.34,29.43,28.59,29.02,27.544731,3951400
2019-10-14,29.65,29.66,29.379999,29.639999,28.133211,2668800
2019-10-15,29.209999,29.32,28.459999,28.559999,27.108114,1133200
2019-10-16,28.48,28.780001,28.33,28.629999,27.174557,649600
2019-10-17,28.41,28.950001,28.299999,28.49,27.04167,1158800
2019-10-18,28.610001,28.860001,28.379999,28.48,27.032181,809800
2019-10-21,27.85,28.1,27.629999,27.780001,26.367767,884300
2019-10-22,28.32,28.41,27.889999,28.280001,26.84235,606300
2019-10-23,28.719999,28.889999,28.309999,28.379999,26.937262,606800
2019-10-24,28.469999,28.84,28.1,28.209999,26.775904,891300
2019-10-25,28.379999,28.389999,27.65,27.75,26.339293,853100
2019-10-28,27.18,27.200001,26.85,27.049999,25.674877,891000
2019-10-29,27.25,27.290001,26.969999,27.08,25.70335,622000
2019-10-30,27.290001,28.299999,27.290001,28.25,26.813873,941300
2019-10-31,28.91,29.65,28.9,29.370001,27.876938,1507300
2019-11-01,29.200001,29.549999,28.629999,29.110001,27.630156,1316200
2019-11-04,28.09,28.209999,27.83,27.969999,26.548107,953700
2019-11-05,27.049999,27.18,26.75,27.02,25.646402,838600
2019-11-06,27.51,27.73,27.120001,27.51,26.11149,885000
2019-11-07,26.52,26.52,25.379999,26.02,24.697239,2110900
2019-11-08,25.790001,26.24,25.58,25.68,24.374523,853300
2019-11-11,25.92,25.92,25.5,25.700001,24.393509,442700
2019-11-12,25.83,26.23,25.57,26.07,24.744699,895900
2019-11-13,26.719999,26.809999,26.360001,26.52,25.171822,748000
2019-11-14,27.290001,27.67,27.23,27.33,25.940643,1049400
2019-11-15,27.09,27.49,27.07,27.280001,25.893185,458600
2019-11-18,27.52,27.77,27.370001,27.42,26.026066,569200
2019-11-19,27.610001,28.129999,27.610001,28.059999,26.63353,792700
2019-11-20,28.51,28.950001,28.459999,28.92,27.449814,894400
2019-11-21,28.370001,28.610001,28.030001,28.41,26.965738,853000
2019-11-22,28.65,28.74,28.379999,28.48,27.032181,564500
2019-11-25,28.73,28.889999,28.67,28.77,27.307438,493300
2019-11-26,29.15,29.35,29.129999,29.280001,27.79151,688000
2019-11-27,28.889999,29.110001,28.83,29,27.525743,587900
2019-11-29,28.93,28.940001,28.379999,28.780001,27.316931,565700
2019-12-02,27.48,27.84,27.41,27.67,26.263359,1385000
2019-12-03,28.65,29.709999,28.620001,29.34,27.848463,1287500
2019-12-04,28.84,28.9,28.129999,28.52,27.070147,1433300
2019-12-05,27.82,28.27,27.76,28.110001,26.680992,1056200
2019-12-06,27.42,28.040001,27.309999,27.610001,26.206409,1064000
2019-12-09,27.950001,28.040001,27.709999,27.799999,26.386747,1130100
2019-12-10,28.08,28.18,27.620001,27.75,26.339293,730700
2019-12-11,28.15,28.66,28.110001,28.42,26.975233,875800
2019-12-12,28.07,28.129999,26.52,27.040001,25.665388,2099500
2019-12-13,27.389999,28.25,26.879999,27.93,26.510141,1346900
2019-12-16,27.540001,27.58,26.959999,27.190001,25.807758,859100
2019-12-17,27.4,27.5,26.84,27.08,25.70335,531600
2019-12-18,26.889999,26.969999,26.280001,26.41,25.067413,698900
2019-12-19,26.23,26.75,26.110001,26.530001,25.181313,579400
2019-12-20,26.299999,26.629999,26.190001,26.58,25.228767,555400
2019-12-23,26.65,26.74,26.18,26.42,25.124166,742400
2019-12-24,26.08,26.77,26.08,26.629999,25.323866,284400
2019-12-26,26.66,26.860001,26.450001,26.83,25.514059,390000
2019-12-27,26.98,27.1,26.91,26.92,25.599642,653700
2019-12-30,26.08,26.67,25.940001,26.65,25.342884,774100
2019-12-31,26.26,26.41,25.77,25.84,24.572613,1402000
2020-01-02,26.559999,27,26.51,26.73,25.418961,1041900
2020-01-03,27.42,27.959999,27.209999,27.91,26.541084,1093000
2020-01-06,28.27,28.309999,27.360001,27.48,26.132177,888300
2020-01-07,27.41,27.540001,27.049999,27.07,25.742287,836100
2020-01-08,27.200001,27.43,26.26,26.549999,25.247791,1075400
2020-01-09,26.08,26.91,26.030001,26.809999,25.495033,1335600
2020-01-10,27.059999,27.51,27.01,27.5,26.151194,664400
2020-01-13,27.17,27.27,26.870001,27.219999,25.884928,1304700
2020-01-14,27.35,27.67,27.299999,27.67,26.312857,1022100
2020-01-15,28.110001,28.27,27.82,28.219999,26.835878,1238300
2020-01-16,27.959999,28.120001,27.65,27.92,26.550596,1335200
2020-01-17,26.93,27.25,26.799999,27.25,25.913454,1099200
2020-01-21,27.67,28.15,27.639999,28.049999,26.674217,843500
2020-01-22,28.18,28.450001,28.129999,28.34,26.949993,938900
2020-01-23,28.879999,29.209999,28.84,28.91,27.492035,1295500
2020-01-24,29.219999,29.92,29.15,29.620001,28.167215,2149200
2020-01-27,30.799999,31.01,30.51,31.01,29.489037,1804100
2020-01-28,30.76,30.870001,30.049999,30.27,28.785332,1745200
2020-01-29,30.42,31.24,30.42,31.129999,29.603149,1387800
2020-01-30,31.379999,31.860001,30.98,31.190001,29.66021,2193700
2020-01-31,31.549999,32.060001,31.48,31.99,30.420973,2333100
2020-02-03,31.5,32.060001,30.98,31.93,30.363914,1950900
2020-02-04,30.870001,30.91,30.290001,30.610001,29.108656,1618900
2020-02-05,29.799999,30.049999,29.549999,29.629999,28.176723,1528500
2020-02-06,29.690001,30.15,29.610001,30.049999,28.57612,1229100
2020-02-07,31,31.309999,30.77,31.120001,29.593641,1729300
2020-02-10,31.549999,31.639999,31.280001,31.389999,29.850401,1263800
2020-02-11,31.209999,31.290001,30.799999,30.879999,29.365414,1350800
2020-02-12,30.41,30.540001,30.18,30.43,28.937487,813500
2020-02-13,30.49,30.92,30.370001,30.76,29.251297,1404000
2020-02-14,31.299999,31.49,31.09,31.17,29.64119,1209900
2020-02-18,31.690001,32.110001,31.389999,31.77,30.211765,947900
2020-02-19,31.51,31.84,31.43,31.790001,30.23078,597300
2020-02-20,32.16,32.709999,32.099998,32.529999,30.934484,1197500
2020-02-21,33.279999,33.98,33.169998,33.419998,31.780832,1565200
2020-02-24,35.27,35.400002,34.75,34.91,33.197754,2246100
2020-02-25,34.889999,35.959999,34.84,35.52,33.77784,1722900
2020-02-26,34.709999,35.93,34.43,34.959999,33.245296,1855400
2020-02-27,36.630001,36.869999,35.299999,36.009998,34.243801,2576100
2020-02-28,37.900002,38.93,37.639999,37.720001,35.86993,4150400
2020-03-02,38.630001,39.52,37.490002,37.580002,35.736797,3029600
2020-03-03,37.509998,41.810001,36.459999,39.380001,37.448517,4054700
2020-03-04,39.41,40.119999,37.759998,38.110001,36.240799,1446500
2020-03-05,39.919998,41.130001,39.669998,40.860001,38.855923,1891500
2020-03-06,47.880001,49.209999,45.259998,47.259998,44.942017,5759000
2020-03-09,57.77,58.299999,50.560001,51.57,49.040623,3732600
2020-03-10,49.48,52.59,42.860001,43.279999,41.157227,2945900
2020-03-11,45.5,46.860001,37.799999,38.490002,36.602161,2184800
2020-03-12,41,45.669998,37.799999,39.290001,37.362923,2222600
2020-03-13,37.450001,39.610001,35.200001,36.93,35.118679,1552700
2020-03-16,41.91,44.599998,39.27,43.119999,41.005074,1477100
2020-03-17,43.119999,44.919998,34.689999,35.389999,33.654213,1546700
2020-03-18,34.389999,35.599998,25.540001,28.969999,27.549095,2337400
2020-03-19,30.27,34.389999,29.35,31.780001,30.221275,1233100
2020-03-20,34.369999,38.25,33.740002,38.25,36.373932,2642600
2020-03-23,36.82,43.630001,36.349998,43.130001,41.014584,1983300
2020-03-24,39.950001,42.389999,38.639999,40.77,38.859531,1116900
2020-03-25,41.450001,43.32,39.669998,40.27,38.382961,853000
2020-03-26,41.419998,42.639999,40.029999,40.900002,38.98344,1721600
2020-03-27,42.450001,44.630001,41.799999,44.130001,42.062084,1429700
2020-03-30,44.93,46.07,42.75,43.040001,41.023163,1839800
2020-03-31,42.66,43.509998,41.66,42.110001,40.136738,1009800
2020-04-01,44.82,45.220001,43.25,43.799999,41.747543,990000
2020-04-02,45.110001,45.490002,43.959999,44.57,42.481461,1043000
2020-04-03,44.860001,46.380001,44.650002,44.98,42.872253,613400
2020-04-06,43.860001,44.689999,43.349998,44.59,42.500534,617000
2020-04-07,42.049999,43.25,41.07,43.110001,41.089878,1188300
2020-04-08,42.189999,43.040001,41.709999,42.290001,40.308311,728500
2020-04-09,41.43,42.720001,41.119999,42.279999,40.298775,1002200
2020-04-13,41.790001,42.630001,41.290001,41.34,39.402828,777700
2020-04-14,41.349998,41.919998,41,41.279999,39.345631,660300
2020-04-15,43.48,44.810001,43.419998,44.459999,42.376617,916200
2020-04-16,45.34,46.16,45.18,45.950001,43.796799,611400
2020-04-17,45.700001,46.57,43.66,44.060001,41.995361,1245000
2020-04-20,44.689999,45.25,44.25,45.189999,43.072411,845400
2020-04-21,47.580002,47.580002,46.509998,46.779999,44.587898,755000
2020-04-22,45.709999,46.110001,44.799999,45.43,43.30117,846800
2020-04-23,45.700001,46.57,45.509998,46.130001,43.968361,777300
2020-04-24,45.540001,46.540001,45.450001,46.540001,44.359154,455800
2020-04-27,45.540001,45.57,43.700001,43.869999,41.814266,740500
2020-04-28,44.669998,45.57,44.5,45.389999,43.263039,645000
2020-04-29,45.360001,45.919998,44.080002,44.689999,42.59584,559300
2020-04-30,44.700001,45.080002,43.09,43.240002,41.213787,1226000
2020-05-01,43.860001,44.32,43.07,44.200001,42.128799,1104000
2020-05-04,43.93,44.009998,43.049999,43.66,41.614105,818000
2020-05-05,42.34,42.869999,42.099998,42.77,40.765812,954300
2020-05-06,40.52,40.830002,39.610001,40.689999,38.783283,1511900
2020-05-07,40.810001,42.849998,40.619999,42.709999,40.708622,1175000
2020-05-08,41.360001,42.119999,40.799999,41.09,39.164539,912200
2020-05-11,40.759998,41.16,39.599998,40.07,38.192329,795900
2020-05-12,40.41,41.700001,40.380001,41.290001,39.355164,1308700
2020-05-13,41.82,42.73,41.639999,42.099998,40.127209,1370100
2020-05-14,43.470001,44.139999,43.330002,43.419998,41.385349,1391900
2020-05-15,44.330002,44.419998,42.740002,43.029999,41.013626,1388700
2020-05-18,41.689999,41.75,39.73,40.220001,38.335308,1219200
2020-05-19,39.799999,40.700001,39.779999,40.700001,38.792816,1010500
2020-05-20,40.27,41.41,40.080002,40.990002,39.069221,1487600
2020-05-21,41.5,41.91,41.099998,41.310001,39.374229,1436700
2020-05-22,41.450001,42.150002,41.360001,42.009998,40.041428,935200
2020-05-26,40.619999,40.700001,40.099998,40.41,38.516403,1068900
2020-05-27,39.990002,40.779999,39.84,40.209999,38.325771,1030100
2020-05-28,39.369999,39.790001,39.139999,39.689999,37.830135,1621000
2020-05-29,39.919998,40.880001,39.650002,40.439999,38.544994,1705200
2020-06-01,39.57,39.830002,39.259998,39.740002,37.877796,1215300
2020-06-02,39.330002,39.580002,38.970001,39.299999,37.458412,1237600
2020-06-03,38.150002,38.290001,37.27,37.709999,35.942921,1669300
2020-06-04,37.23,37.330002,36.040001,36.09,34.398834,1426500
2020-06-05,34.25,35.34,33.259998,35.290001,33.63633,2521700
2020-06-08,34.610001,35.799999,34.57,35.689999,34.017574,835600
2020-06-09,37.279999,37.689999,36.790001,36.900002,35.170876,1195200
2020-06-10,37.43,38.59,37.310001,38.540001,36.734035,1038200
2020-06-11,40.259998,40.98,39.860001,40.709999,38.802341,1464400
2020-06-12,39.619999,40.540001,39.360001,39.630001,37.772957,1342800
2020-06-15,40.77,40.950001,39.419998,39.73,37.868263,1268600
2020-06-16,37.419998,38.720001,36.869999,37.970001,36.190742,1359800
2020-06-17,38.02,38.389999,37.400002,38.27,36.476681,1020800
2020-06-18,39.290001,39.610001,39.02,39.459999,37.610916,779100
2020-06-19,38.549999,39.619999,38.459999,39.57,37.715763,778800
2020-06-22,40.09,40.290001,39.299999,39.560001,37.70623,1162100
2020-06-23,38.880001,39.290001,38.610001,38.82,37.000912,1008600
2020-06-24,38.93,40.040001,38.900002,39.98,38.106548,703000
2020-06-25,40.759998,40.959999,40.240002,40.330002,38.440155,785600
2020-06-26,40.860001,41.669998,40.810001,41.669998,39.71735,1508400
2020-06-29,41.389999,41.639999,40.950001,41.169998,39.240791,869800
2020-06-30,41.59,41.630001,40.290001,40.66,38.754684,1247100
2020-07-01,39.98,40.490002,39.450001,40.459999,38.564053,972600
2020-07-02,39.900002,40.630001,39.52,40.529999,38.630775,1029600
2020-07-06,39.549999,40.07,39.200001,40.02,38.144676,1341900
2020-07-07,40.32,41.779999,40.23,41.709999,39.755486,1103700
2020-07-08,41.029999,41.450001,40.639999,41.189999,39.25985,973000
2020-07-09,41.299999,43.369999,41.23,43.119999,41.099411,966000
2020-07-10,43.73,43.939999,42.349998,42.490002,40.498932,1149300
2020-07-13,41.869999,42.98,41.66,42.889999,40.880184,1435800
2020-07-14,43.68,43.880001,42.98,43.09,41.070816,1329700
2020-07-15,42.130001,42.939999,42.07,42.380001,40.394093,1279200
2020-07-16,43.25,43.549999,43,43.09,41.070816,865600
2020-07-17,43.18,43.279999,42.57,42.77,40.765812,899600
2020-07-20,43.369999,43.459999,42.84,43.060001,41.042225,1279700
2020-07-21,43.23,43.52,43.049999,43.209999,41.185196,623600
2020-07-22,43.970001,44.099998,43.5,43.59,41.54739,756100
2020-07-23,44.470001,45.189999,44.110001,45.049999,42.938976,1183100
2020-07-24,44.459999,45.220001,44.369999,45.189999,43.072411,1226600
2020-07-27,45.509998,45.560001,44.240002,44.240002,42.166935,1050700
2020-07-28,44.950001,45.560001,44.849998,45.490002,43.358349,1462800
2020-07-29,45.27,45.580002,44.450001,45.290001,43.167725,1078900
2020-07-30,46.099998,46.279999,45.869999,46.200001,44.035091,895500
2020-07-31,45.43,46.439999,45.220001,46,43.844452,1334100
2020-08-03,44.77,45.389999,44.59,44.84,42.738811,1642100
2020-08-04,46.029999,46.68,45.970001,46.68,44.492584,1278400
2020-08-05,45.43,45.830002,45.119999,45.470001,43.339287,1016800
2020-08-06,46.490002,47.169998,45.880001,46.220001,44.054142,831600
2020-08-07,46.369999,46.560001,45.009998,45.02,42.910378,1447000
2020-08-10,45.52,45.560001,44.509998,44.509998,42.424278,1141300
2020-08-11,43.099998,43.330002,42.07,43.040001,41.023163,1987700
2020-08-12,41.93,42.240002,41.41,41.830002,39.869862,1420900
2020-08-13,41.700001,41.849998,40.029999,40.619999,38.71656,1454500
2020-08-14,40.5,40.759998,39.93,39.93,38.058891,1148700
2020-08-17,40.630001,40.98,40.240002,40.380001,38.487808,691200
2020-08-18,40.900002,41.299999,40.700001,41.189999,39.25985,727800
2020-08-19,41.669998,41.860001,40.119999,40.490002,38.592651,1229800
2020-08-20,41.650002,41.860001,41.34,41.57,39.622036,923500
2020-08-21,41.98,42.360001,41.380001,42.32,40.336895,822800
2020-08-24,42.34,42.849998,42,42.040001,40.070015,993300
2020-08-25,40.849998,41.41,40.439999,41.110001,39.183598,1226600
2020-08-26,40.610001,40.84,40.029999,40.599998,38.697498,748900
2020-08-27,41.110001,41.220001,38.459999,38.560001,36.753094,1604300
2020-08-28,38.939999,39.110001,38.099998,38.41,36.610119,876200
2020-08-31,38.77,39.950001,38.740002,39.150002,37.315441,1562200
2020-09-01,39.02,40.700001,38.59,40.57,38.668903,1488300
2020-09-02,40.23,41.82,40.23,41.740002,39.784077,1367900
2020-09-03,41.950001,43.09,41.709999,42.130001,40.1558,1506700
2020-09-04,40.990002,41.119999,39.43,39.73,37.868263,1735200
2020-09-08,40.84,41.490002,40.34,40.34,38.449677,1236700
2020-09-09,40.57,40.75,39.650002,40.09,38.211399,876900
2020-09-10,39.400002,40.82,39.049999,40.700001,38.792816,1186400
2020-09-11,40.740002,40.98,40.619999,40.849998,38.93578,723900
2020-09-14,41.16,41.360001,40.709999,40.889999,38.973907,713800
2020-09-15,40.700001,40.880001,40.389999,40.66,38.754684,892500
2020-09-16,41.150002,41.209999,39.790001,40.290001,38.402027,1099600
2020-09-17,41.139999,41.25,40.389999,40.639999,38.735619,796900
2020-09-18,40.689999,40.709999,40.029999,40.209999,38.325771,510100
2020-09-21,41.189999,41.560001,40.619999,40.759998,38.849998,864700
2020-09-22,40.939999,41.169998,40.43,40.73,38.8214,604400
2020-09-23,40.73,40.91,40.150002,40.860001,38.945313,456600
2020-09-24,41.139999,41.34,40.970001,41.330002,39.393291,593400
2020-09-25,41.380001,41.549999,41.049999,41.279999,39.345631,335400
2020-09-28,41.189999,41.189999,40.799999,40.970001,39.050163,448300
2020-09-29,41.139999,41.41,40.91,41.099998,39.174065,712100
2020-09-30,40.490002,40.490002,39.389999,39.990002,38.116085,1007200
2020-10-01,39.470001,40.41,39.220001,40.220001,38.335308,1010600
2020-10-02,40.330002,40.34,39.27,39.740002,37.877796,835300
2020-10-05,38.380001,38.380001,37.25,37.25,35.504482,1006400
2020-10-06,37.23,38.619999,36.740002,37.93,36.152611,1056200
2020-10-07,37.310001,37.950001,36.84,37.189999,35.447281,595000
2020-10-08,37.610001,37.799999,37.400002,37.650002,35.885731,623600
2020-10-09,37.299999,37.799999,36.779999,37.650002,35.885731,543300
2020-10-12,37.900002,38.099998,37.700001,37.91,36.133556,548600
2020-10-13,38.490002,38.900002,38.450001,38.900002,37.077156,727900
2020-10-14,39.259998,39.560001,39.02,39.16,37.324978,659200
2020-10-15,39.82,39.900002,38.759998,39,37.172474,785900
2020-10-16,38.799999,39.259998,38.389999,38.59,36.781685,591000
2020-10-19,37.919998,38.279999,37.630001,38.189999,36.400433,419200
2020-10-20,37.5,37.580002,36.84,36.919998,35.189938,588900
2020-10-21,36.709999,37.119999,36.43,36.669998,34.951656,658000
2020-10-22,36.34,36.599998,35.5,35.529999,33.865074,463000
2020-10-23,35.389999,36.299999,35.299999,36.040001,34.351181,453400
2020-10-26,36.939999,37.540001,36.849998,37.150002,35.409164,827200
2020-10-27,37.75,38.02,37.459999,37.970001,36.190742,601200
2020-10-28,38.540001,38.549999,37.669998,37.990002,36.209801,1179000
2020-10-29,38.060001,38.099998,36.43,36.950001,35.218536,1109000
2020-10-30,36.810001,37.040001,35.82,35.849998,34.170078,1238600
2020-11-02,36.700001,37.029999,36.450001,36.619999,34.903996,1064600
2020-11-03,36.07,36.18,35.540001,36.060001,34.370239,760800
2020-11-04,38.709999,39.060001,37.939999,38.23,36.438553,1432600
2020-11-05,38.740002,38.82,37.939999,38.540001,36.734035,1123700
2020-11-06,37.259998,37.459999,36.799999,37.09,35.351967,829600
2020-11-09,34.720001,34.82,33.759998,34.639999,33.016788,1653300
2020-11-10,33.98,34.59,33.91,34.220001,32.616467,761500
2020-11-11,34.099998,34.66,34.040001,34.560001,32.940529,906600
2020-11-12,35.34,36.32,35.189999,36.32,34.618057,1130300
2020-11-13,36.259998,36.360001,35.970001,36.110001,34.417896,830700
2020-11-16,35.830002,36.200001,35.75,35.98,34.293987,649000
2020-11-17,36.57,36.790001,36.41,36.540001,34.827747,630500
2020-11-18,36.990002,37.07,36.240002,36.900002,35.170876,727600
2020-11-19,37.419998,37.869999,37.259998,37.470001,35.714169,889400
2020-11-20,37.740002,38.470001,37.66,38.41,36.610119,519100
2020-11-23,37.959999,38.060001,37.549999,37.759998,35.990582,1019100
2020-11-24,37.380001,37.380001,36.639999,36.84,35.113689,966200
2020-11-25,36.84,37.27,36.389999,36.389999,34.684772,757200
2020-11-27,37.049999,37.509998,37.040001,37.450001,35.695107,521700
2020-11-30,37.34,37.689999,37.169998,37.369999,35.618851,777500
2020-12-01,36.419998,36.549999,35.119999,35.689999,34.017574,1284900
2020-12-02,35.279999,35.279999,34.32,34.82,33.188343,709400
2020-12-03,35.27,35.880001,35.049999,35.610001,33.94133,651800
2020-12-04,34.419998,34.490002,33.810001,33.919998,32.330517,713900
2020-12-07,34.84,35.200001,34.740002,35.029999,33.388504,567800
2020-12-08,35.650002,36,35.419998,35.470001,33.807888,632000
2020-12-09,34.98,35.490002,34.610001,35.150002,33.502888,493700
2020-12-10,34.740002,35.450001,34.48,35.419998,35.131508,563500
2020-12-11,35.66,36.189999,35.48,35.75,35.458817,567100
2020-12-14,34.900002,35.709999,34.639999,35.459999,35.171181,583100
2020-12-15,35.060001,35.5,34.77,35.139999,34.853786,700900
2020-12-16,34.360001,35.18,34.169998,34.860001,34.576069,650500
2020-12-17,35.450001,35.650002,34.310001,34.52,34.238834,592700
2020-12-18,34.799999,34.93,34.130001,34.27,33.990875,566900
2020-12-21,34.82,34.900002,34.32,34.630001,34.347946,797500
2020-12-22,35.040001,35.220001,34.73,35.169998,34.883545,373000
2020-12-23,34.380001,34.48,33.66,34.48,34.199162,609500
2020-12-24,34.59,34.939999,34.549999,34.810001,34.526478,320800
2020-12-28,34.25,34.950001,34.049999,34.900002,34.615749,575000
2020-12-29,34.220001,34.84,34.220001,34.77,34.486805,713000
2020-12-30,34.549999,35,34.439999,34.98,34.695091,679200
2020-12-31,34.919998,35.360001,34.919998,35.139999,34.853786,645000
2021-01-04,34.439999,35.419998,34.330002,35.009998,34.72485,1201400
2021-01-05,34.59,34.610001,33.75,34.279999,34.00079,978200
2021-01-06,32.52,32.549999,31.549999,32.150002,31.888142,1558300
2021-01-07,31.24,31.469999,30.92,31.24,30.985554,865700
2021-01-08,31.040001,31.33,30.559999,31,30.747509,914100
2021-01-11,30.77,30.879999,30.440001,30.780001,30.529303,718700
2021-01-12,30.620001,30.85,30.1,30.76,30.509462,902700
2021-01-13,31.17,32.009998,31.120001,31.74,31.481478,737900
2021-01-14,31.73,31.74,30.6,30.889999,30.638405,915700
2021-01-15,31.43,31.549999,31,31.23,30.975632,562500
2021-01-19,31.09,31.540001,31.02,31.530001,31.273193,597800
2021-01-20,31.290001,31.610001,31.200001,31.59,31.332703,452000
2021-01-21,31.01,31.139999,30.77,30.98,30.727671,518600
2021-01-22,31.24,31.32,30.969999,31.200001,30.945879,757300
2021-01-25,31.74,32.369999,31.709999,32.330002,32.066677,1010300
2021-01-26,31.98,32.299999,31.870001,32.18,31.917896,562400
2021-01-27,32.560001,32.860001,32.25,32.41,32.146023,879800
2021-01-28,32.18,32.200001,31.389999,31.870001,31.610424,954200
2021-01-29,30.940001,31.59,30.83,31.33,31.074821,1176300
2021-02-01,31.200001,31.610001,31.09,31.389999,31.134335,1098400
2021-02-02,30.610001,30.82,30.48,30.809999,30.559052,621300
2021-02-03,30.440001,30.52,29.889999,29.93,29.686222,862800
2021-02-04,29.67,29.84,29.43,29.709999,29.468016,570600
2021-02-05,29.59,29.870001,28.950001,28.950001,28.714203,826400
2021-02-08,29.120001,29.68,28.969999,29.34,29.10103,641500
2021-02-09,29.66,29.92,29.33,29.389999,29.150621,585400
2021-02-10,29.67,29.98,29.610001,29.950001,29.706062,579300
2021-02-11,29.92,29.98,29.370001,29.530001,29.289484,692200
2021-02-12,28.74,28.969999,28.35,28.43,28.198439,797300
2021-02-16,27.309999,27.549999,26.98,27.139999,26.918947,1033900
2021-02-17,27.690001,27.950001,27.17,27.629999,27.404957,970500
2021-02-18,26.93,27.469999,26.780001,27.27,27.04789,684800
2021-02-19,26.629999,26.77,25.940001,26.209999,25.996525,933100
2021-02-22,26.049999,26.440001,25.33,25.59,25.381571,1100700
2021-02-23,25.209999,25.74,25.02,25.370001,25.163363,976200
2021-02-24,24.09,25.030001,23.959999,24.85,24.647598,1797100
2021-02-25,24.17,24.370001,22.629999,23.719999,23.526804,4085500
2021-02-26,24.790001,26.07,24.219999,26.07,25.857664,3467400
2021-03-01,24.719999,25.120001,24.41,24.969999,24.766624,1886800
2021-03-02,24.629999,24.969999,24.540001,24.959999,24.756706,1105300
2021-03-03,24.059999,24.450001,23.74,24.129999,23.933464,1318700
2021-03-04,24.18,24.35,23.33,23.690001,23.497049,1984400
2021-03-05,23.440001,24.030001,23.34,23.82,23.62599,1291900
2021-03-08,23.76,23.790001,23.25,23.25,23.060633,1049500
2021-03-09,24,24.24,23.83,24.190001,23.992977,1400500
2021-03-10,24.24,24.42,23.969999,24.309999,24.112,723800
2021-03-11,23.92,24.02,23.540001,23.860001,23.665663,824500
2021-03-12,22.48,22.51,22.1,22.34,22.158043,1248400
2021-03-15,22.52,22.799999,22.49,22.68,22.495275,868000
2021-03-16,22.790001,22.83,22.16,22.459999,22.277065,929400
2021-03-17,21.85,22.040001,21.360001,21.91,21.731544,1853600
2021-03-18,20.98,21.52,20.91,21.290001,21.116594,1303700
2021-03-19,21.309999,21.68,21.209999,21.639999,21.463743,979600
2021-03-22,22.08,22.440001,21.950001,22.34,22.158043,1139900
2021-03-23,22.51,22.99,22.299999,22.969999,22.798216,989800
2021-03-24,22.74,23.35,22.690001,23.299999,23.12575,961600
2021-03-25,23.4,23.540001,22.76,22.809999,22.639416,1437200
2021-03-26,22.4,22.82,22.309999,22.51,22.34166,884500
2021-03-29,22.6,22.610001,21.700001,21.969999,21.805696,715300
2021-03-30,21.85,22.450001,21.719999,22.280001,22.11338,978900
2021-03-31,22.370001,22.48,21.709999,22.040001,21.875175,981800
2021-04-01,22.549999,23.059999,22.43,22.969999,22.798216,1315700
2021-04-05,22.530001,22.73,22.219999,22.719999,22.550089,837600
2021-04-06,22.83,23.23,22.76,23.17,22.996723,776800
2021-04-07,22.969999,23.299999,22.68,22.719999,22.550089,691600
2021-04-08,22.940001,23.27,22.93,23.27,23.095978,437000
2021-04-09,22.99,23.32,22.780001,22.969999,22.798216,415000
2021-04-12,22.950001,23,22.799999,22.99,22.818071,472100
2021-04-13,22.879999,23.5,22.860001,23.450001,23.27463,856200
2021-04-14,23.26,23.35,23.030001,23.26,23.08605,524900
2021-04-15,23.99,24.73,23.969999,24.4,24.217525,1020800
2021-04-16,23.76,24.08,23.68,23.84,23.661713,881800
2021-04-19,23.59,23.860001,23.469999,23.620001,23.443357,630400
2021-04-20,23.440001,24.1,23.41,23.98,23.800667,805300
2021-04-21,23.99,24.18,23.75,24.1,23.919769,827400
2021-04-22,24.25,24.42,23.809999,24.42,24.237377,631100
2021-04-23,24.43,24.459999,23.950001,24.219999,24.038872,442600
2021-04-26,24.299999,24.469999,24.120001,24.120001,23.939617,608200
2021-04-27,24.01,24.110001,23.440001,23.52,23.34411,997700
2021-04-28,23.48,23.610001,23.18,23.530001,23.354031,852600
2021-04-29,22.879999,23.360001,22.73,23.34,23.165451,894200
2021-04-30,23.43,23.530001,23.17,23.440001,23.264706,720100
2021-05-03,23.65,24.1,23.43,23.540001,23.363956,1064700
2021-05-04,24.02,24.370001,23.860001,23.99,23.810593,1000600
2021-05-05,23.780001,24.209999,23.73,24.120001,23.939617,545700
2021-05-06,23.91,24.389999,23.879999,24.24,24.058723,504300
2021-05-07,24.379999,24.610001,23.75,23.889999,23.71134,1904600
2021-05-10,23.77,23.9,23.110001,23.190001,23.016575,1105500
2021-05-11,22.889999,22.98,22.620001,22.67,22.500462,774300
2021-05-12,22.59,22.639999,21.93,22.08,21.914875,903500
2021-05-13,22.18,22.41,22.059999,22.129999,21.9645,682100
2021-05-14,22.51,22.75,22.35,22.74,22.569939,631500
2021-05-17,22.629999,22.799999,22.52,22.610001,22.44091,650200
2021-05-18,22.440001,22.51,22.27,22.450001,22.28211,426800
2021-05-19,22.5,22.860001,22.040001,22.290001,22.123306,781200
2021-05-20,22.610001,22.950001,22.549999,22.85,22.679119,544000
2021-05-21,23.049999,23.07,22.77,23.059999,22.887548,349600
2021-05-24,23.18,23.51,23.16,23.27,23.095978,360100
2021-05-25,23.52,23.969999,23.52,23.969999,23.790741,413900
2021-05-26,24.049999,24.16,23.65,23.809999,23.631935,1100100
2021-05-27,23.469999,23.549999,23.190001,23.549999,23.37388,443000
2021-05-28,23.48,23.85,23.360001,23.360001,23.185305,516800
2021-06-01,23.209999,23.459999,22.91,23.42,23.244856,610200
2021-06-02,23.58,23.700001,23.459999,23.58,23.40366,346000
2021-06-03,23.559999,23.559999,23.219999,23.32,23.145603,612500
2021-06-04,23.58,24.25,23.559999,24.200001,24.019022,663200
2021-06-07,24.07,24.139999,23.959999,24.01,23.830441,447500
2021-06-08,24.629999,24.65,24.42,24.52,24.336628,780900
2021-06-09,25.200001,25.42,24.959999,25.18,24.991692,614100
2021-06-10,24.719999,25.66,24.639999,25.65,25.458178,1377900
2021-06-11,25.51,25.549999,25.25,25.49,25.299372,495700
2021-06-14,25.360001,25.379999,24.809999,24.93,24.743561,803900
2021-06-15,24.67,24.84,24.530001,24.84,24.654236,1165700
2021-06-16,25,25.15,24.379999,24.610001,24.425955,1479000
2021-06-17,25.24,26.879999,25.129999,25.870001,25.676533,2539600
2021-06-18,26.530001,27.49,26.459999,27.280001,27.075987,1906300
2021-06-21,26.549999,26.629999,25.799999,25.969999,25.775782,1883800
2021-06-22,25.309999,26.139999,25.299999,26.09,25.908855,1200500
2021-06-23,25.82,26.040001,25.620001,25.93,25.749964,1348700
2021-06-24,26.02,26.26,25.959999,26.049999,25.869129,896700
2021-06-25,25.950001,26.01,24.879999,25.280001,25.104479,1203700
2021-06-28,25.629999,26.190001,25.6,25.83,25.65066,1579700
2021-06-29,25.83,26.17,25.809999,26.17,25.988298,940900
2021-06-30,26.42,26.799999,26.34,26.469999,26.286213,1901300
2021-07-01,26.370001,26.57,26.139999,26.48,26.296144,1218600
2021-07-02,26.540001,26.969999,26.469999,26.959999,26.772812,771700
2021-07-06,27.34,28.049999,27.34,27.889999,27.696356,2000000
2021-07-07,28.41,28.959999,28.200001,28.66,28.461008,1773000
2021-07-08,29.15,29.469999,28.74,29.01,28.80858,1930800
2021-07-09,27.98,28.030001,27.74,27.780001,27.58712,1611900
2021-07-12,28.059999,28.16,27.559999,27.67,27.477884,1400200
2021-07-13,27.98,28.299999,26.73,26.98,26.792673,1757300
2021-07-14,27.469999,27.959999,27.360001,27.940001,27.74601,1426300
2021-07-15,28.59,28.93,28.040001,28.82,28.619898,1427100
2021-07-16,28.200001,28.780001,28.190001,28.73,28.530523,1240600
2021-07-19,30.299999,30.870001,30.1,30.57,30.357748,4552200
2021-07-20,31.24,31.360001,29.559999,29.709999,29.503719,2051400
2021-07-21,28.639999,28.799999,28.059999,28.57,28.371634,1975700
2021-07-22,28.549999,29.549999,28.540001,29.33,29.126356,1699400
2021-07-23,28.459999,28.879999,28.42,28.809999,28.609966,1330700
2021-07-26,29.09,29.120001,28.43,28.549999,28.351772,1475800
2021-07-27,29.27,29.469999,29.07,29.450001,29.245525,1973400
2021-07-28,28.879999,29.450001,28.67,29.440001,29.235594,2377700
2021-07-29,28.940001,29.18,28.780001,28.950001,28.748995,1489500
2021-07-30,29.139999,29.469999,29.1,29.360001,29.156149,2846700
2021-08-02,29.42,30.459999,29.27,30.110001,29.900944,2322300
2021-08-03,30.18,30.469999,29.969999,30.18,29.970459,1759800
2021-08-04,30.629999,30.82,29.559999,30.360001,30.149206,1886600
2021-08-05,30.190001,30.280001,29.74,29.91,29.702332,1441700
2021-08-06,28.74,28.98,28.35,28.42,28.222677,3095000
2021-08-09,28.620001,28.85,28.08,28.09,27.894966,1969400
2021-08-10,28.209999,28.27,27.700001,27.709999,27.517605,1758700
2021-08-11,27.59,28.07,27.209999,27.629999,27.43816,2747300
2021-08-12,27.43,27.620001,27.049999,27.549999,27.358715,1984200
2021-08-13,27.870001,28.809999,27.84,28.790001,28.590109,2081700
2021-08-16,29.18,29.67,28.959999,28.99,28.788717,1284700
2021-08-17,28.99,29.34,28.870001,29,28.798647,1189100
2021-08-18,28.91,29.34,28.75,29.290001,29.086637,2033300
2021-08-19,29.84,29.93,29.549999,29.93,29.722191,2246100
2021-08-20,29.99,30.129999,29.709999,29.98,29.771845,1384500
2021-08-23,29.780001,29.940001,29.6,29.889999,29.682468,1095000
2021-08-24,29.51,29.68,29.219999,29.24,29.036982,1227000
2021-08-25,29.17,29.26,28.209999,28.469999,28.272329,1204700
2021-08-26,28.41,28.77,28.16,28.77,28.570246,3203300
2021-08-27,28.76,29.309999,28.639999,29.25,29.046915,1744300
2021-08-30,29.059999,29.549999,28.99,29.51,29.305109,1141900
2021-08-31,29.41,29.66,28.74,28.959999,28.758926,1762400
2021-09-01,29.26,29.34,28.809999,29.049999,28.848301,1255100
2021-09-02,29.280001,29.450001,28.98,29.43,29.225664,898700
2021-09-03,28.690001,28.82,28.5,28.67,28.47094,884000
2021-09-07,28.1,28.25,27.76,27.92,27.726149,1390800
2021-09-08,28.33,28.620001,28.17,28.49,28.292189,964700
2021-09-09,28.620001,29.6,28.42,29.5,29.295176,1360700
2021-09-10,29.040001,29.18,28.58,28.74,28.540453,1099000
2021-09-13,29.07,29.35,29.030001,29.290001,29.086637,998500
2021-09-14,29.5,30.57,29.41,30.290001,30.079693,1397900
2021-09-15,30.360001,30.389999,29.6,29.99,29.781775,1101500
2021-09-16,29.440001,29.9,29.34,29.6,29.394482,963600
2021-09-17,29.15,29.25,28.870001,29.139999,28.937675,824700
2021-09-20,29.950001,30.43,29.76,30.24,30.030041,1969300
2021-09-21,30.049999,30.190001,29.73,30.16,29.955547,1052800
2021-09-22,30.110001,30.67,29.879999,30.65,30.442225,2212000
2021-09-23,29.82,29.860001,28.59,28.59,28.396193,2207500
2021-09-24,28.309999,28.309999,27.65,27.77,27.581751,1526000
2021-09-27,27.27,27.719999,27.17,27.469999,27.283783,1389600
2021-09-28,26.280001,26.709999,25.91,26.15,25.972731,2018700
2021-09-29,26.540001,26.870001,25.959999,26.33,26.15151,1897100
2021-09-30,26.16,26.370001,25.92,26.280001,26.101851,2276100
2021-10-01,26.629999,26.969999,26.309999,26.91,26.727579,1466600
2021-10-04,26.549999,26.99,26.24,26.719999,26.538866,1543800
2021-10-05,26.52,26.559999,25.889999,25.99,25.813818,1028200
2021-10-06,26.33,26.57,26.209999,26.370001,26.19124,905300
2021-10-07,25.75,25.799999,25.4,25.57,25.396664,1217400
2021-10-08,25.219999,25.27,24.84,25.01,24.840462,1308500
2021-10-11,24.870001,25.030001,24.809999,24.84,24.671614,1482600
2021-10-12,25.42,26.15,25.35,26.09,25.913139,1997700
2021-10-13,26.5,26.969999,26.459999,26.879999,26.697784,1669800
2021-10-14,26.889999,27.209999,26.65,27.17,26.985815,696100
2021-10-15,26.67,26.74,26.379999,26.719999,26.538866,517700
2021-10-18,26.67,27.23,26.43,27.030001,26.846764,581000
2021-10-19,26.459999,26.51,25.93,25.99,25.813818,765600
2021-10-20,25.709999,25.93,25.309999,25.42,25.247681,1549300
2021-10-21,25.540001,25.639999,25.15,25.360001,25.188087,1320100
2021-10-22,25.790001,26.299999,25.68,26.120001,25.942936,970300
2021-10-25,25.9,26.25,25.889999,26.02,25.843613,604900
2021-10-26,26.43,26.690001,25.959999,26.690001,26.509071,552200
2021-10-27,27.4,28.370001,27.15,28.139999,27.949244,1161100
2021-10-28,28.18,28.48,27.639999,27.82,27.631409,1381500
2021-10-29,27.42,28.27,27.32,28.139999,27.949244,1450100
2021-11-01,27.15,27.66,27.08,27.49,27.303648,1165700
2021-11-02,27.52,28.129999,27.52,27.84,27.651274,928500
2021-11-03,28.27,28.360001,27,27.01,26.826902,1356100
2021-11-04,27.17,27.99,27.15,27.82,27.631409,1338000
2021-11-05,28.629999,29.24,28.43,29.059999,28.863005,1031700
2021-11-08,28.9,29.07,28.629999,28.950001,28.75375,1037400
2021-11-09,29.959999,30.51,29.860001,30.030001,29.826429,1168000
2021-11-10,29.98,30.030001,27.700001,28.41,28.217411,2463300
2021-11-11,28.58,28.66,28.219999,28.299999,28.108156,519600
2021-11-12,28.299999,28.559999,27.559999,27.9,27.710867,811200
2021-11-15,27.66,27.700001,26.709999,26.860001,26.677917,1422600
2021-11-16,26.969999,27.34,26.5,26.65,26.469343,1226100
2021-11-17,26.360001,27.299999,26.299999,27.299999,27.114935,1460000
2021-11-18,27.120001,27.629999,27.1,27.52,27.333445,869200
2021-11-19,28.030001,28.59,28.02,28.469999,28.277004,1124600
2021-11-22,27.9,28.040001,27.18,27.459999,27.273849,1060800
2021-11-23,27.040001,27.15,26.27,26.290001,26.111784,1176500
2021-11-24,26.5,27.52,26.41,27.49,27.303648,886800
2021-11-26,28.620001,29.65,28.559999,29.41,29.21063,1662000
2021-11-29,28.32,29.07,28.209999,28.889999,28.694155,1323400
2021-11-30,29.73,30.48,29.42,30.219999,30.015141,2836100
2021-12-01,29.639999,30.790001,29.25,30.75,30.541548,2561900
2021-12-02,31.110001,31.16,30.299999,30.889999,30.680599,1303300
2021-12-03,30.370001,32.439999,30.16,31.99,31.773142,2130400
2021-12-06,31.84,31.98,30.48,30.66,30.45216,2046600
2021-12-07,30.360001,30.809999,29.82,29.91,29.707243,1424400
2021-12-08,29.6,29.6,28.34,28.34,28.147884,2548800
2021-12-09,28.9,29.190001,28.41,28.870001,28.674294,2228900
2021-12-10,29.23,29.42,28.59,28.6,28.406124,1425300
2021-12-13,29.52,30.02,29.459999,29.870001,29.667513,1739300
2021-12-14,29.469999,29.799999,28.860001,29.67,29.46887,1100300
2021-12-15,29.040001,29.719999,28.76,28.83,28.634563,2526400
2021-12-16,28.65,29.280001,28.620001,28.85,28.654428,2037000
2021-12-17,29.6,29.92,29.440001,29.75,29.548326,1685400
2021-12-20,29.790001,29.93,29.09,29.18,28.982193,1515300
2021-12-21,28.25,28.860001,27.93,28.82,28.626593,2101000
2021-12-22,29.15,29.24,28.77,29.219999,29.023907,1306500
2021-12-23,29.07,29.09,28.17,28.48,28.288876,1246600
2021-12-27,28.450001,28.719999,28.33,28.620001,28.427935,1508000
2021-12-28,29.030001,29.15,28.15,28.33,28.139881,1559600
2021-12-29,27.540001,27.74,27.24,27.35,27.16646,2231300
2021-12-30,27.709999,28.120001,27.25,28.08,27.891562,2027200
2021-12-31,28.02,28.709999,27.790001,28.139999,27.951159,2196900
2022-01-03,27.34,27.51,26,26.02,25.845385,4254200
2022-01-04,25.620001,25.91,25.15,25.68,25.507666,2963200
2022-01-05,25.889999,25.92,25.16,25.299999,25.130215,2681200
2022-01-06,25.07,25.530001,24.93,25.440001,25.269276,2812300
2022-01-07,25.370001,25.42,24.52,24.93,24.762697,2002400
2022-01-10,24.58,25.190001,24.42,25.08,24.911692,2552500
2022-01-11,25.209999,25.6,25.120001,25.540001,25.368605,1827700
2022-01-12,25.76,25.809999,25.27,25.27,25.100416,2658200
2022-01-13,25.5,26.030001,25.299999,25.98,25.805653,2379100
2022-01-14,25.51,25.52,24.610001,24.799999,24.63357,2789500
2022-01-18,24.190001,24.360001,23.68,23.68,23.521086,2670200
2022-01-19,23.950001,24.530001,23.83,24.25,24.087263,2158900
2022-01-20,24.389999,24.68,24.23,24.67,24.504442,1953000
2022-01-21,25.42,25.790001,25.030001,25.59,25.418268,3387300
2022-01-24,25.860001,25.940001,24.879999,24.92,24.752768,4362900
2022-01-25,25.24,25.57,24.58,24.75,24.583906,2056400
2022-01-26,24.82,24.959999,23.889999,23.92,23.759478,4312900
2022-01-27,24.84,25.35,24.82,25.190001,25.020956,2947100
2022-01-28,24.67,25.4,24.549999,25.23,25.060686,1844200
2022-01-31,24.690001,25.129999,24.6,24.82,24.653437,2360800
2022-02-01,24.889999,24.93,24.24,24.57,24.405115,2283600
2022-02-02,24.68,25.549999,24.68,24.84,24.673304,2343100
2022-02-03,23.940001,24.459999,23.780001,24.299999,24.136927,1684200
2022-02-04,23.610001,23.76,23.059999,23.17,23.014509,2755900
2022-02-07,23.139999,23.33,22.950001,23.280001,23.123774,1959500
2022-02-08,22.799999,22.959999,22.59,22.74,22.587395,1633200
2022-02-09,23.01,23.34,22.77,22.92,22.76619,1786900
2022-02-10,22.49,22.58,21.6,21.790001,21.643772,3418600
2022-02-11,22.1,22.870001,21.379999,22.77,22.617195,6174500
2022-02-14,22.200001,22.49,21.639999,21.940001,21.792767,3318400
2022-02-15,21.469999,21.57,21.15,21.190001,21.047798,2884000
2022-02-16,21.6,21.67,20.940001,21.549999,21.405382,3342400
2022-02-17,21.84,22.389999,21.59,22.01,21.862295,3774600
2022-02-18,22.360001,22.76,22.190001,22.690001,22.537729,2998000
2022-02-22,22.469999,22.92,22.33,22.85,22.696657,2315400
2022-02-23,22.41,22.51,21.879999,21.93,21.782833,2354700
2022-02-24,23.059999,23.110001,21.709999,21.99,21.842428,6761200
2022-02-25,22.01,22.219999,21.700001,22.040001,21.892094,1884800
2022-02-28,22.74,23.549999,22.709999,23.459999,23.302563,5376500
2022-03-01,23.780001,24.799999,23.629999,24.280001,24.11706,6731700
2022-03-02,23.540001,23.809999,21.77,21.809999,21.663635,2875100
2022-03-03,22.280001,22.860001,22.049999,22.49,22.339075,1845800
2022-03-04,23.68,23.9,23.15,23.610001,23.451559,3767700
2022-03-07,23.040001,23.809999,22.870001,23.129999,22.974777,3348700
2022-03-08,22.24,22.610001,22.110001,22.370001,22.219879,2425900
2022-03-09,22.040001,22.16,21.58,21.68,21.53451,2713700
2022-03-10,20.940001,21.110001,20.42,20.809999,20.670347,3371800
2022-03-11,20.719999,21.24,20.67,20.959999,20.819342,1587200
2022-03-14,19.959999,20.040001,19.51,19.559999,19.428736,2548500
2022-03-15,19.969999,20.129999,19.26,19.4,19.269808,2029300
2022-03-16,19.549999,20.110001,18.879999,20.040001,19.905516,3226700
2022-03-17,19.959999,20.209999,19.190001,19.49,19.359205,2100200
2022-03-18,19.870001,20.290001,19.870001,20.219999,20.084305,1703800
2022-03-21,19.35,19.440001,18.58,18.83,18.703634,4896300
2022-03-22,18.209999,18.379999,17.969999,18.09,17.982927,3026400
2022-03-23,18.41,19.33,18.17,19.290001,19.175823,2135000
2022-03-24,18.469999,19.15,18.450001,18.809999,18.698666,2079600
2022-03-25,18.43,18.43,17.610001,18.08,17.972984,3208200
2022-03-28,18.35,18.84,18.219999,18.5,18.390499,1754200
2022-03-29,18.860001,19.280001,18.51,18.92,18.808014,2922100
2022-03-30,18.639999,19.48,18.59,19.389999,19.27523,2252200
2022-03-31,19.49,19.75,19.32,19.57,19.454166,3274700
2022-04-01,18.700001,19.98,18.549999,19.68,19.563517,3377000
2022-04-04,19.559999,19.559999,18.98,19.33,19.215586,1536600
2022-04-05,18.99,19,17.92,18.040001,17.933224,2298700
2022-04-06,17.129999,17.91,17.120001,17.59,17.485886,3736300
2022-04-07,17.02,17.24,16.73,17.18,17.078314,5637200
2022-04-08,16.73,16.9,16.26,16.549999,16.452042,4019100
2022-04-11,16.15,16.24,15.59,15.84,15.746244,4919800
2022-04-12,16.200001,16.209999,15.64,15.74,15.646836,4868600
2022-04-13,15.8,16.26,15.72,15.85,15.756186,4824000
2022-04-14,15.7,15.73,14.77,14.88,14.791926,3991700
2022-04-18,14.92,15.01,14.5,14.67,14.58317,3141300
2022-04-19,14.31,14.51,14.13,14.37,14.284945,4347700
2022-04-20,14.7,15.32,14.58,15.21,15.119973,4934000
2022-04-21,14.91,14.92,14.28,14.84,14.752164,5374400
2022-04-22,14.61,15.11,14.51,14.58,14.493702,3878700
2022-04-25,15.09,15.38,14.99,15.01,14.921157,4812100
2022-04-26,15.48,15.69,15.22,15.47,15.378435,4554200
2022-04-27,15.38,15.43,14.84,14.89,14.801867,5652400
2022-04-28,14.7,14.95,14.56,14.95,14.861512,3776800
2022-04-29,14.29,14.91,14.22,14.36,14.275003,5231400
2022-05-02,13.86,14,13.49,13.61,13.529443,6314300
2022-05-03,14.27,14.35,13.86,13.87,13.787904,3585200
2022-05-04,13.87,14.23,13.67,14.09,14.006602,5739500
2022-05-05,13.31,13.34,12.48,12.94,12.863409,6959000
2022-05-06,12.55,12.84,12.26,12.38,12.306724,4715300
2022-05-09,12.11,12.71,12.04,12.68,12.604948,7421700
2022-05-10,13.1,13.46,12.97,13.06,12.982699,5657700
2022-05-11,12.72,13.79,12.61,13.77,13.688497,6008500
2022-05-12,13.84,14.11,13.68,13.7,13.61891,7657800
2022-05-13,13.46,13.5,13.08,13.09,13.012522,3095900
2022-05-16,13.18,13.42,13.05,13.05,12.972758,3530000
2022-05-17,12.68,12.89,12.56,12.6,12.525422,2556500
2022-05-18,12.69,13.43,12.64,13.38,13.300805,3848900
2022-05-19,14,14.01,13.37,13.49,13.410153,4036300
2022-05-20,13.45,14.12,13.43,13.97,13.887313,4106200
2022-05-23,13.67,13.85,13.26,13.28,13.201396,2722700
2022-05-24,13.71,14.3,13.7,14.05,13.966839,3864700
2022-05-25,14.32,14.32,13.94,14.22,14.135833,2128600
2022-05-26,14.09,14.11,13.65,14.01,13.927075,2460100
2022-05-27,14.19,14.34,13.99,14.1,14.016543,1512400
2022-05-31,13.44,13.45,12.99,13.22,13.141752,3618300
2022-06-01,13.42,13.54,12.99,13.18,13.101989,1942900
2022-06-02,13.31,13.33,12.9,13.16,13.082108,2277300
2022-06-03,12.79,13.09,12.71,13.08,13.002581,1971400
2022-06-06,12.8,12.92,12.35,12.4,12.326605,2792100
2022-06-07,12.59,12.97,12.59,12.77,12.694415,1966700
2022-06-08,12.61,12.77,12.43,12.45,12.376309,1553500
2022-06-09,12.33,12.62,12.29,12.56,12.485659,2072400
2022-06-10,12.51,12.59,12.05,12.33,12.257019,3000800
2022-06-13,11.58,11.63,10.84,11.16,11.093945,7626300
2022-06-14,11.26,11.39,10.66,10.75,10.686372,3886900
2022-06-15,11.12,11.36,10.79,11.35,11.282821,4869200
2022-06-16,10.62,11.59,10.5,11.57,11.501518,4337600
2022-06-17,11.68,11.94,11.37,11.73,11.66057,2931300
2022-06-21,11.1,11.38,11,11.12,11.054181,3153200
2022-06-22,11.84,12.03,11.76,11.98,11.937001,2552900
2022-06-23,12.24,12.62,12.09,12.3,12.255853,4617500
2022-06-24,12.08,12.29,11.76,11.8,11.757648,2579400
2022-06-27,11.35,11.67,11.33,11.5,11.458724,2027300
2022-06-28,11.39,11.65,11.26,11.62,11.578293,3145200
2022-06-29,11.72,12.19,11.65,12.16,12.116355,2421100
2022-06-30,12.49,12.78,12.46,12.49,12.44517,3508100
2022-07-01,12.92,13.45,12.68,12.87,12.823807,4865500
2022-07-05,13.23,13.52,12.99,13.2,13.152622,3445400
2022-07-06,13.4,13.45,12.52,12.53,12.485027,3817900
2022-07-07,12.61,12.63,12.1,12.2,12.156212,2559400
2022-07-08,12.08,12.1,11.63,11.78,11.737719,2785200
2022-07-11,12.16,12.49,12.14,12.37,12.325602,2843700
2022-07-12,12.73,12.96,12.55,12.58,12.534847,2751000
2022-07-13,12.15,13.1,12.05,13.05,13.003161,5252900
2022-07-14,12.57,12.93,12.37,12.7,12.654417,3714800
2022-07-15,12.83,13.15,12.75,12.95,12.90352,2699300
2022-07-18,12.63,12.65,12.27,12.53,12.485027,2793000
2022-07-19,12.5,12.58,12.1,12.32,12.275781,3135300
2022-07-20,12.67,12.72,12.23,12.4,12.355494,2365300
2022-07-21,12.6,13.09,12.54,13.06,13.013125,3419100
2022-07-22,13.6,13.94,13.5,13.74,13.690684,3045400
2022-07-25,13.06,13.35,12.98,13.3,13.252264,2802000
2022-07-26,13.79,13.92,13.29,13.34,13.29212,3062400
2022-07-27,13.52,13.66,13.07,13.15,13.102801,3511100
2022-07-28,13.53,13.81,13.27,13.42,13.371833,3957300
2022-07-29,13.4,13.94,13.27,13.3,13.252264,3286700
2022-08-01,13.64,14.28,13.6,14.22,14.168962,3188700
2022-08-02,14.3,14.48,13.28,13.37,13.322012,5433600
2022-08-03,13.24,14.01,12.95,13.99,13.939787,4471400
2022-08-04,13.82,14.05,13.68,13.94,13.889966,3097500
2022-08-05,13.15,13.18,12.76,12.98,12.933412,4937900
2022-08-08,13.36,13.64,13.32,13.58,13.531259,2168900
2022-08-09,13.38,13.58,13.27,13.44,13.391761,2433300
2022-08-10,13.38,13.85,13.03,13.16,13.112766,5352700
2022-08-11,13.07,13.13,12.13,12.25,12.206032,4862300
2022-08-12,12.46,12.59,12.25,12.58,12.534847,1850000
2022-08-15,12.85,12.99,12.57,12.58,12.534847,2291300
2022-08-16,12.5,12.74,12.17,12.73,12.684309,2416700
2022-08-17,12.43,12.44,12.19,12.3,12.255853,2387300
2022-08-18,12.4,12.6,12.28,12.35,12.305674,1691600
2022-08-19,11.83,11.86,11.67,11.78,11.737719,2945700
2022-08-22,11.71,11.73,11.48,11.65,11.608185,2303700
2022-08-23,11.53,11.89,11.36,11.45,11.408903,2390000
2022-08-24,11.28,11.4,11.09,11.21,11.169765,2686300
2022-08-25,11.24,11.76,11.12,11.65,11.608185,2521600
2022-08-26,11.5,12.04,11.43,11.9,11.857288,4294900
2022-08-29,11.7,11.72,11.45,11.62,11.578293,1839800
2022-08-30,11.61,11.87,11.46,11.73,11.687898,2253500
2022-08-31,11.61,11.82,11.27,11.37,11.32919,2796300
2022-09-01,10.81,10.94,10.55,10.75,10.711416,4847500
2022-09-02,10.8,11.01,10.7,10.92,10.880806,3489900
2022-09-06,10.52,10.54,10.09,10.12,10.083677,5310300
2022-09-07,10.33,10.66,10.31,10.59,10.551991,2756500
2022-09-08,10.47,10.67,10.26,10.26,10.223175,3053500
2022-09-09,10.34,10.45,10.13,10.33,10.292923,2488200
2022-09-12,10.43,10.49,9.92,10.07,10.033856,5606800
2022-09-13,9.78,10.15,9.73,10.13,10.093641,5262100
2022-09-14,10.05,10.29,9.97,10.23,10.193282,4089300
2022-09-15,10.18,10.28,10.11,10.22,10.183318,2880300
2022-09-16,9.96,10.23,9.87,9.97,9.934216,4521700
2022-09-19,9.94,10.16,9.87,10.03,9.993999,1761000
2022-09-20,9.53,9.85,9.45,9.7,9.7,5019200
2022-09-21,9.8,10.17,9.6,10.15,10.15,4731000
2022-09-22,9.56,9.58,9.24,9.41,9.41,9005400
2022-09-23,9.4,9.69,9.19,9.5,9.5,8145800
2022-09-26,9.4,9.42,8.83,8.97,8.97,9062800
2022-09-27,8.7,8.77,8.24,8.25,8.25,12050400
2022-09-28,8.76,9.1,8.62,9.07,9.07,10350200
2022-09-29,8.68,9.04,8.66,8.92,8.92,5728700
2022-09-30,9.04,9.19,8.51,8.57,8.57,7576400
2022-10-03,9,9.2,8.81,8.98,8.98,8116000
2022-10-04,9.06,9.19,8.83,8.9,8.9,5828600
2022-10-05,8.69,8.71,8.39,8.63,8.63,6317600
2022-10-06,8.65,8.71,8.39,8.51,8.51,5541100
2022-10-07,8.21,8.41,8.12,8.25,8.25,6101300
2022-10-10,8.13,8.13,7.71,7.88,7.88,6116800
2022-10-11,7.95,8.21,7.76,7.98,7.98,5585900
2022-10-12,7.83,8.12,7.8,8.06,8.06,4560900
2022-10-13,7.62,8.08,7.59,7.85,7.85,8746300
2022-10-14,8.02,8.03,7.57,7.67,7.67,9504800
